[{
  "_id": {
    "$oid": "685394bb1d12d4734188d442"
  },
  "box": {
    "$oid": "68507959a355e5cde3342491"
  },
  "especialidad": {
    "$oid": "68509d04fa57d30465158302"
  },
  "especialista": {
    "$oid": "68509f04228bd44a2739c4e4"
  },
  "estado": "Ocupado",
  "fechaInicio": {
    "$date": "2025-06-19T13:00:00.000Z"
  },
  "fechaFin": {
    "$date": "2025-06-19T13:15:00.000Z"
  },
  "__v": 0
},
{
  "_id": {
    "$oid": "685488dad92212a2dcddbfa6"
  },
  "box": {
    "$oid": "68507959a355e5cde3342490"
  },
  "especialidad": {
    "$oid": "68509d04fa57d30465158300"
  },
  "especialista": {
    "$oid": "68509f04228bd44a2739c4e2"
  },
  "estado": "Ocupado",
  "fechaInicio": {
    "$date": "2025-06-23T12:00:00.000Z"
  },
  "fechaFin": {
    "$date": "2025-06-23T12:30:00.000Z"
  },
  "__v": 0
},
{
  "_id": {
    "$oid": "68561ee59241b61c5aeb16f0"
  },
  "box": {
    "$oid": "68507959a355e5cde3342495"
  },
  "especialidad": {
    "$oid": "68509d04fa57d30465158300"
  },
  "especialista": {
    "$oid": "68509f04228bd44a2739c4e2"
  },
  "estado": "Ocupado",
  "fechaInicio": {
    "$date": "2025-06-24T13:00:00.000Z"
  },
  "fechaFin": {
    "$date": "2025-06-24T13:30:00.000Z"
  },
  "__v": 0
}]