[{
  "_id": {
    "$oid": "68509d04fa57d30465158300"
  },
  "nombre": "Enfermedades del Niño y Adolescente",
  "descripcion": "Diagnóstico y tratamiento de enfermedades que afectan a niños y adolescentes, incluyendo seguimiento del desarrollo y crecimiento."
},
{
  "_id": {
    "$oid": "68509d04fa57d30465158301"
  },
  "nombre": "Medicina Interna",
  "descripcion": "Especialidad centrada en la prevención, diagnóstico y tratamiento no quirúrgico de enfermedades en adultos."
},
{
  "_id": {
    "$oid": "68509d04fa57d30465158302"
  },
  "nombre": "Cardiología",
  "descripcion": "Diagnóstico y tratamiento de enfermedades del corazón y del sistema circulatorio."
},
{
  "_id": {
    "$oid": "68509d04fa57d30465158303"
  },
  "nombre": "Neurología",
  "descripcion": "Estudio y tratamiento de los trastornos del sistema nervioso central y periférico."
},
{
  "_id": {
    "$oid": "68509d04fa57d30465158304"
  },
  "nombre": "Ginecología y Obstetricia",
  "descripcion": "Atención de la salud reproductiva femenina, embarazo, parto y enfermedades ginecológicas."
},
{
  "_id": {
    "$oid": "68509d04fa57d30465158305"
  },
  "nombre": "Dermatología",
  "descripcion": "Diagnóstico y tratamiento de enfermedades de la piel, cabello y uñas."
},
{
  "_id": {
    "$oid": "68509d04fa57d30465158306"
  },
  "nombre": "Psiquiatría",
  "descripcion": "Diagnóstico, prevención y tratamiento de trastornos mentales, emocionales y del comportamiento."
},
{
  "_id": {
    "$oid": "68509d04fa57d30465158307"
  },
  "nombre": "Traumatología y Ortopedia",
  "descripcion": "Tratamiento de lesiones del sistema musculoesquelético como huesos, articulaciones y ligamentos."
},
{
  "_id": {
    "$oid": "68509d04fa57d30465158308"
  },
  "nombre": "Oftalmología",
  "descripcion": "Cuidado médico y quirúrgico de los ojos y el sistema visual."
},
{
  "_id": {
    "$oid": "68509d04fa57d30465158309"
  },
  "nombre": "Otorrinolaringología",
  "descripcion": "Diagnóstico y tratamiento de enfermedades del oído, nariz y garganta."
},
{
  "_id": {
    "$oid": "68509d04fa57d3046515830a"
  },
  "nombre": "Endocrinología",
  "descripcion": "Estudio y tratamiento de trastornos hormonales y metabólicos como diabetes o tiroides."
},
{
  "_id": {
    "$oid": "68509d04fa57d3046515830b"
  },
  "nombre": "Urología",
  "descripcion": "Atención médica y quirúrgica del aparato urinario y del sistema reproductor masculino."
},
{
  "_id": {
    "$oid": "68509d04fa57d3046515830c"
  },
  "nombre": "Gastroenterología",
  "descripcion": "Diagnóstico y tratamiento de enfermedades del sistema digestivo."
},
{
  "_id": {
    "$oid": "68509d04fa57d3046515830d"
  },
  "nombre": "Nefrología",
  "descripcion": "Tratamiento de enfermedades renales y del sistema urinario."
},
{
  "_id": {
    "$oid": "68509d04fa57d3046515830e"
  },
  "nombre": "Neumología",
  "descripcion": "Estudio y tratamiento de enfermedades del sistema respiratorio."
},
{
  "_id": {
    "$oid": "68509d04fa57d3046515830f"
  },
  "nombre": "Reumatología",
  "descripcion": "Tratamiento de enfermedades autoinmunes y del tejido conectivo, como artritis o lupus."
},
{
  "_id": {
    "$oid": "68509d04fa57d30465158310"
  },
  "nombre": "Oncología",
  "descripcion": "Diagnóstico y tratamiento del cáncer mediante quimioterapia, inmunoterapia y otros métodos."
},
{
  "_id": {
    "$oid": "68509d04fa57d30465158311"
  },
  "nombre": "Cirugía General",
  "descripcion": "Especialidad que abarca procedimientos quirúrgicos del sistema digestivo, piel, tejidos blandos, entre otros."
},
{
  "_id": {
    "$oid": "68509d04fa57d30465158312"
  },
  "nombre": "Medicina Familiar",
  "descripcion": "Atención integral a personas de todas las edades, enfocada en la prevención y cuidado continuo."
},
{
  "_id": {
    "$oid": "68509d04fa57d30465158313"
  },
  "nombre": "Medicina del Deporte",
  "descripcion": "Prevención, diagnóstico y tratamiento de lesiones relacionadas con la actividad física."
}]