[{
  "_id": {
    "$oid": "68509f04228bd44a2739c4e2"
  },
  "nombre": "Gustavo Valderrama",
  "especialidad": {
    "$oid": "68509d04fa57d30465158300"
  },
  "rut": "12345678-9",
  "correo": "gvalderrama@redsalud.cl",
  "telefono": "912345678",
  "__v": 0
},
{
  "_id": {
    "$oid": "68509f04228bd44a2739c4e3"
  },
  "nombre": "Carla Montenegro",
  "especialidad": {
    "$oid": "68509d04fa57d30465158301"
  },
  "rut": "23456789-0",
  "correo": "cmontenegro@redsalud.cl",
  "telefono": "987654321",
  "__v": 0
},
{
  "_id": {
    "$oid": "68509f04228bd44a2739c4e4"
  },
  "nombre": "Ignacio Rojas",
  "especialidad": {
    "$oid": "68509d04fa57d30465158302"
  },
  "rut": "34567890-1",
  "correo": "irojas@redsalud.cl",
  "telefono": "976543210",
  "__v": 0
},
{
  "_id": {
    "$oid": "68509f04228bd44a2739c4e5"
  },
  "nombre": "Valentina Soto",
  "especialidad": {
    "$oid": "68509d04fa57d30465158303"
  },
  "rut": "45678901-2",
  "correo": "vsoto@redsalud.cl",
  "telefono": "965432109",
  "__v": 0
},
{
  "_id": {
    "$oid": "68509f04228bd44a2739c4e6"
  },
  "nombre": "Rodrigo Fuentes",
  "especialidad": {
    "$oid": "68509d04fa57d30465158304"
  },
  "rut": "56789012-3",
  "correo": "rfuentes@redsalud.cl",
  "telefono": "954321098",
  "__v": 0
},
{
  "_id": {
    "$oid": "68509f04228bd44a2739c4e7"
  },
  "nombre": "Paula Ramírez",
  "especialidad": {
    "$oid": "68509d04fa57d30465158305"
  },
  "rut": "67890123-4",
  "correo": "pramirez@redsalud.cl",
  "telefono": "943210987",
  "__v": 0
},
{
  "_id": {
    "$oid": "68509f04228bd44a2739c4e8"
  },
  "nombre": "Esteban Pino",
  "especialidad": {
    "$oid": "68509d04fa57d30465158306"
  },
  "rut": "78901234-5",
  "correo": "epino@redsalud.cl",
  "telefono": "932109876",
  "__v": 0
},
{
  "_id": {
    "$oid": "68509f04228bd44a2739c4e9"
  },
  "nombre": "Camila Herrera",
  "especialidad": {
    "$oid": "68509d04fa57d30465158307"
  },
  "rut": "89012345-6",
  "correo": "cherrera@redsalud.cl",
  "telefono": "921098765",
  "__v": 0
}]