[{
  "_id": {
    "$oid": "6855a693d03dd611e2561f64"
  },
  "rut": "20000000-1",
  "nombre": "María González",
  "correo": "maria.gonzalez@correo.com",
  "telefono": "987654321",
  "__v": 0
},
{
  "_id": {
    "$oid": "6855a693d03dd611e2561f65"
  },
  "rut": "20000000-2",
  "nombre": "Pedro Ramírez",
  "correo": "pedro.ramirez@correo.com",
  "telefono": "912345678",
  "__v": 0
},
{
  "_id": {
    "$oid": "6855a693d03dd611e2561f66"
  },
  "rut": "20000000-3",
  "nombre": "Lucía Torres",
  "correo": "lucia.torres@correo.com",
  "telefono": "923456789",
  "__v": 0
}]