[{
  "_id": {
    "$oid": "6855a94fc640b82e79ec2161"
  },
  "rut": {
    "$oid": "68509f04228bd44a2739c4e2"
  },
  "password": "$2b$10$5FP61/o7afnvH5oCgK4eZuUNYufCANb3qZGDx8sxD2hAnfsCTo.FK",
  "tipo": "especialista",
  "tipoRef": "Especialista",
  "__v": 0
},
{
  "_id": {
    "$oid": "6855a94fc640b82e79ec2164"
  },
  "rut": {
    "$oid": "68509f04228bd44a2739c4e3"
  },
  "password": "$2b$10$QRIfiUx4ZOEoGCi5wsgXpuL6yzGLNzgnoLGZqwYcs14iALc0IwOTa",
  "tipo": "especialista",
  "tipoRef": "Especialista",
  "__v": 0
},
{
  "_id": {
    "$oid": "6855a94fc640b82e79ec2167"
  },
  "rut": {
    "$oid": "68509f04228bd44a2739c4e4"
  },
  "password": "$2b$10$pKwVZ7nOM4wFHPAwmHllhORRmpcOs8lZ/.9uh/4G1A3peX6ERWBra",
  "tipo": "especialista",
  "tipoRef": "Especialista",
  "__v": 0
},
{
  "_id": {
    "$oid": "6855a94fc640b82e79ec216a"
  },
  "rut": {
    "$oid": "68509f04228bd44a2739c4e5"
  },
  "password": "$2b$10$U0klgBMsYcEPKBwO1cgLpO87K5BGCe6CqXGQK6ehkCNyg/fp9K3fK",
  "tipo": "especialista",
  "tipoRef": "Especialista",
  "__v": 0
},
{
  "_id": {
    "$oid": "6855a94fc640b82e79ec216d"
  },
  "rut": {
    "$oid": "68509f04228bd44a2739c4e6"
  },
  "password": "$2b$10$Ii3NGMk6JbY0p1YxrCKq5.4yN.b3Y1Jas/s.Tb35QjKAC74Raz9U.",
  "tipo": "especialista",
  "tipoRef": "Especialista",
  "__v": 0
},
{
  "_id": {
    "$oid": "6855a94fc640b82e79ec2170"
  },
  "rut": {
    "$oid": "68509f04228bd44a2739c4e7"
  },
  "password": "$2b$10$X7.sUscPrYPkJGeE8VX5PO3OKFcVIhkvsMam3cXsCUbFQVD.WUuCC",
  "tipo": "especialista",
  "tipoRef": "Especialista",
  "__v": 0
},
{
  "_id": {
    "$oid": "6855a94fc640b82e79ec2173"
  },
  "rut": {
    "$oid": "68509f04228bd44a2739c4e8"
  },
  "password": "$2b$10$mxvEgR3D3ayM9aP/lbv15uKd1GODoWf15ulU6m5evJa/rjot60nHC",
  "tipo": "especialista",
  "tipoRef": "Especialista",
  "__v": 0
},
{
  "_id": {
    "$oid": "6855a94fc640b82e79ec2176"
  },
  "rut": {
    "$oid": "68509f04228bd44a2739c4e9"
  },
  "password": "$2b$10$c.l7NzUrNzn/C0LQ2tI5JeE5cp.1SGGSLibV5MaQKga6Mp8YmloH2",
  "tipo": "especialista",
  "tipoRef": "Especialista",
  "__v": 0
},
{
  "_id": {
    "$oid": "6855aa6830eb937bf269398d"
  },
  "rut": {
    "$oid": "6855a693d03dd611e2561f64"
  },
  "password": "$2b$10$G8Jb.0m6i/N1b.aoGmXv2.gDPm497YlSA00JH7VMbdsUNQusTXToW",
  "tipo": "coordinador",
  "tipoRef": "Coordinador",
  "__v": 0
},
{
  "_id": {
    "$oid": "6855aa6830eb937bf2693990"
  },
  "rut": {
    "$oid": "6855a693d03dd611e2561f65"
  },
  "password": "$2b$10$ylTzZ.Nfzo.jkCqcYydfTObE0C/0EXvTmHvGQMBlqzzSmSfNFe5OC",
  "tipo": "coordinador",
  "tipoRef": "Coordinador",
  "__v": 0
},
{
  "_id": {
    "$oid": "6855aa6930eb937bf2693993"
  },
  "rut": {
    "$oid": "6855a693d03dd611e2561f66"
  },
  "password": "$2b$10$mwsdR/vfzYUbkQowSs7qQO03Ll8uOefBpM6dWLHaa.ZNG.9nyRYgm",
  "tipo": "coordinador",
  "tipoRef": "Coordinador",
  "__v": 0
},
{
  "_id": {
    "$oid": "6855ab293c399b1708aadd86"
  },
  "rut": {
    "$oid": "6855ab05e14010e1224b59b4"
  },
  "password": "$2b$10$fSM5tvz1yQxsFTWJBmMcPuhDKoCqkYsfpRkQd5hxY8mDk2Up6y2fW",
  "tipo": "admin",
  "tipoRef": "Admin",
  "__v": 0
}]